content,rating
Fixture row 001 The explanations are clear and the examples help me understand the main concepts,5
Fixture row 002 The course pace is appropriate and the exercises reinforce each lesson,4
Fixture row 003 Some sections move too quickly and need one more worked example,3
Fixture row 004 The assignments are useful but the feedback sometimes arrives too late,3
Fixture row 005 The teacher answers questions carefully and connects theory with practice,5
Fixture row 006 The project instructions are clear although the final milestone is demanding,4
Fixture row 007 课堂讲解清楚而且示例能够帮助我理解核心概念,5
Fixture row 008 作业设计有帮助但是部分反馈返回得比较晚,3
Fixture row 009 课程节奏总体合适但有些难点需要增加完整例题,3
Fixture row 010 老师答疑认真并且能把理论和实际项目联系起来,5
Fixture row 011 The explanations are clear and the examples help me understand the main concepts,5
Fixture row 012 The course pace is appropriate and the exercises reinforce each lesson,4
Fixture row 013 Some sections move too quickly and need one more worked example,3
Fixture row 014 The assignments are useful but the feedback sometimes arrives too late,3
Fixture row 015 The teacher answers questions carefully and connects theory with practice,5
Fixture row 016 The project instructions are clear although the final milestone is demanding,4
Fixture row 017 课堂讲解清楚而且示例能够帮助我理解核心概念,5
Fixture row 018 作业设计有帮助但是部分反馈返回得比较晚,3
Fixture row 019 课程节奏总体合适但有些难点需要增加完整例题,3
Fixture row 020 老师答疑认真并且能把理论和实际项目联系起来,5
Fixture row 021 The explanations are clear and the examples help me understand the main concepts,5
Fixture row 022 The course pace is appropriate and the exercises reinforce each lesson,4
Fixture row 023 Some sections move too quickly and need one more worked example,3
Fixture row 024 The assignments are useful but the feedback sometimes arrives too late,3
Fixture row 025 The teacher answers questions carefully and connects theory with practice,5
Fixture row 026 The project instructions are clear although the final milestone is demanding,4
Fixture row 027 课堂讲解清楚而且示例能够帮助我理解核心概念,5
Fixture row 028 作业设计有帮助但是部分反馈返回得比较晚,3
Fixture row 029 课程节奏总体合适但有些难点需要增加完整例题,3
Fixture row 030 老师答疑认真并且能把理论和实际项目联系起来,5
Fixture row 031 The explanations are clear and the examples help me understand the main concepts,5
Fixture row 032 The course pace is appropriate and the exercises reinforce each lesson,4
Fixture row 033 Some sections move too quickly and need one more worked example,3
Fixture row 034 The assignments are useful but the feedback sometimes arrives too late,3
Fixture row 035 The teacher answers questions carefully and connects theory with practice,5
Fixture row 036 The project instructions are clear although the final milestone is demanding,4
Fixture row 037 课堂讲解清楚而且示例能够帮助我理解核心概念,5
Fixture row 038 作业设计有帮助但是部分反馈返回得比较晚,3
Fixture row 039 课程节奏总体合适但有些难点需要增加完整例题,3
Fixture row 040 老师答疑认真并且能把理论和实际项目联系起来,5
Fixture row 041 The explanations are clear and the examples help me understand the main concepts,5
Fixture row 042 The course pace is appropriate and the exercises reinforce each lesson,4
Fixture row 043 Some sections move too quickly and need one more worked example,3
Fixture row 044 The assignments are useful but the feedback sometimes arrives too late,3
Fixture row 045 The teacher answers questions carefully and connects theory with practice,5
Fixture row 046 The project instructions are clear although the final milestone is demanding,4
Fixture row 047 课堂讲解清楚而且示例能够帮助我理解核心概念,5
Fixture row 048 作业设计有帮助但是部分反馈返回得比较晚,3
Fixture row 049 课程节奏总体合适但有些难点需要增加完整例题,3
Fixture row 050 老师答疑认真并且能把理论和实际项目联系起来,5
Fixture row 051 The explanations are clear and the examples help me understand the main concepts,5
Fixture row 052 The course pace is appropriate and the exercises reinforce each lesson,4
Fixture row 053 Some sections move too quickly and need one more worked example,3
Fixture row 054 The assignments are useful but the feedback sometimes arrives too late,3
Fixture row 055 The teacher answers questions carefully and connects theory with practice,5
Fixture row 056 The project instructions are clear although the final milestone is demanding,4
Fixture row 057 课堂讲解清楚而且示例能够帮助我理解核心概念,5
Fixture row 058 作业设计有帮助但是部分反馈返回得比较晚,3
Fixture row 059 课程节奏总体合适但有些难点需要增加完整例题,3
Fixture row 060 老师答疑认真并且能把理论和实际项目联系起来,5
Fixture row 061 The explanations are clear and the examples help me understand the main concepts,5
Fixture row 062 The course pace is appropriate and the exercises reinforce each lesson,4
Fixture row 063 Some sections move too quickly and need one more worked example,3
Fixture row 064 The assignments are useful but the feedback sometimes arrives too late,3
Fixture row 065 The teacher answers questions carefully and connects theory with practice,5
Fixture row 066 The project instructions are clear although the final milestone is demanding,4
Fixture row 067 课堂讲解清楚而且示例能够帮助我理解核心概念,5
Fixture row 068 作业设计有帮助但是部分反馈返回得比较晚,3
Fixture row 069 课程节奏总体合适但有些难点需要增加完整例题,3
Fixture row 070 老师答疑认真并且能把理论和实际项目联系起来,5
Fixture row 071 The explanations are clear and the examples help me understand the main concepts,5
Fixture row 072 The course pace is appropriate and the exercises reinforce each lesson,4
Fixture row 073 Some sections move too quickly and need one more worked example,3
Fixture row 074 The assignments are useful but the feedback sometimes arrives too late,3
Fixture row 075 The teacher answers questions carefully and connects theory with practice,5
Fixture row 076 The project instructions are clear although the final milestone is demanding,4
Fixture row 077 课堂讲解清楚而且示例能够帮助我理解核心概念,5
Fixture row 078 作业设计有帮助但是部分反馈返回得比较晚,3
Fixture row 079 课程节奏总体合适但有些难点需要增加完整例题,3
Fixture row 080 老师答疑认真并且能把理论和实际项目联系起来,5
Fixture row 081 The explanations are clear and the examples help me understand the main concepts,5
Fixture row 082 The course pace is appropriate and the exercises reinforce each lesson,4
Fixture row 083 Some sections move too quickly and need one more worked example,3
Fixture row 084 The assignments are useful but the feedback sometimes arrives too late,3
Fixture row 085 The teacher answers questions carefully and connects theory with practice,5
Fixture row 086 The project instructions are clear although the final milestone is demanding,4
Fixture row 087 课堂讲解清楚而且示例能够帮助我理解核心概念,5
Fixture row 088 作业设计有帮助但是部分反馈返回得比较晚,3
Fixture row 089 课程节奏总体合适但有些难点需要增加完整例题,3
Fixture row 090 老师答疑认真并且能把理论和实际项目联系起来,5
Fixture row 091 The explanations are clear and the examples help me understand the main concepts,5
Fixture row 092 The course pace is appropriate and the exercises reinforce each lesson,4
Fixture row 093 Some sections move too quickly and need one more worked example,3
Fixture row 094 The assignments are useful but the feedback sometimes arrives too late,3
Fixture row 095 The teacher answers questions carefully and connects theory with practice,5
Fixture row 096 The project instructions are clear although the final milestone is demanding,4
Fixture row 097 课堂讲解清楚而且示例能够帮助我理解核心概念,5
Fixture row 098 作业设计有帮助但是部分反馈返回得比较晚,3
Fixture row 099 课程节奏总体合适但有些难点需要增加完整例题,3
Fixture row 100 老师答疑认真并且能把理论和实际项目联系起来,5
Fixture row 101 The explanations are clear and the examples help me understand the main concepts,5
Fixture row 102 The course pace is appropriate and the exercises reinforce each lesson,4
Fixture row 103 Some sections move too quickly and need one more worked example,3
Fixture row 104 The assignments are useful but the feedback sometimes arrives too late,3
Fixture row 105 The teacher answers questions carefully and connects theory with practice,5
Fixture row 106 The project instructions are clear although the final milestone is demanding,4
Fixture row 107 课堂讲解清楚而且示例能够帮助我理解核心概念,5
Fixture row 108 作业设计有帮助但是部分反馈返回得比较晚,3
Fixture row 109 课程节奏总体合适但有些难点需要增加完整例题,3
Fixture row 110 老师答疑认真并且能把理论和实际项目联系起来,5
Fixture row 111 The explanations are clear and the examples help me understand the main concepts,5
Fixture row 112 The course pace is appropriate and the exercises reinforce each lesson,4
Fixture row 113 Some sections move too quickly and need one more worked example,3
Fixture row 114 The assignments are useful but the feedback sometimes arrives too late,3
Fixture row 115 The teacher answers questions carefully and connects theory with practice,5
Fixture row 116 The project instructions are clear although the final milestone is demanding,4
Fixture row 117 课堂讲解清楚而且示例能够帮助我理解核心概念,5
Fixture row 118 作业设计有帮助但是部分反馈返回得比较晚,3
Fixture row 119 课程节奏总体合适但有些难点需要增加完整例题,3
Fixture row 120 老师答疑认真并且能把理论和实际项目联系起来,5
Fixture row 121 The explanations are clear and the examples help me understand the main concepts,5
Fixture row 122 The course pace is appropriate and the exercises reinforce each lesson,4
Fixture row 123 Some sections move too quickly and need one more worked example,3
Fixture row 124 The assignments are useful but the feedback sometimes arrives too late,3
Fixture row 125 The teacher answers questions carefully and connects theory with practice,5
Fixture row 126 The project instructions are clear although the final milestone is demanding,4
Fixture row 127 课堂讲解清楚而且示例能够帮助我理解核心概念,5
Fixture row 128 作业设计有帮助但是部分反馈返回得比较晚,3
Fixture row 129 课程节奏总体合适但有些难点需要增加完整例题,3
Fixture row 130 老师答疑认真并且能把理论和实际项目联系起来,5
Fixture row 131 The explanations are clear and the examples help me understand the main concepts,5
Fixture row 132 The course pace is appropriate and the exercises reinforce each lesson,4
Fixture row 133 Some sections move too quickly and need one more worked example,3
Fixture row 134 The assignments are useful but the feedback sometimes arrives too late,3
Fixture row 135 The teacher answers questions carefully and connects theory with practice,5
Fixture row 136 The project instructions are clear although the final milestone is demanding,4
Fixture row 137 课堂讲解清楚而且示例能够帮助我理解核心概念,5
Fixture row 138 作业设计有帮助但是部分反馈返回得比较晚,3
Fixture row 139 课程节奏总体合适但有些难点需要增加完整例题,3
Fixture row 140 老师答疑认真并且能把理论和实际项目联系起来,5
Fixture row 141 The explanations are clear and the examples help me understand the main concepts,5
Fixture row 142 The course pace is appropriate and the exercises reinforce each lesson,4
Fixture row 143 Some sections move too quickly and need one more worked example,3
Fixture row 144 The assignments are useful but the feedback sometimes arrives too late,3
Fixture row 145 The teacher answers questions carefully and connects theory with practice,5
Fixture row 146 The project instructions are clear although the final milestone is demanding,4
Fixture row 147 课堂讲解清楚而且示例能够帮助我理解核心概念,5
Fixture row 148 作业设计有帮助但是部分反馈返回得比较晚,3
Fixture row 149 课程节奏总体合适但有些难点需要增加完整例题,3
Fixture row 150 老师答疑认真并且能把理论和实际项目联系起来,5
Fixture row 151 The explanations are clear and the examples help me understand the main concepts,5
Fixture row 152 The course pace is appropriate and the exercises reinforce each lesson,4
Fixture row 153 Some sections move too quickly and need one more worked example,3
Fixture row 154 The assignments are useful but the feedback sometimes arrives too late,3
Fixture row 155 The teacher answers questions carefully and connects theory with practice,5
Fixture row 156 The project instructions are clear although the final milestone is demanding,4
Fixture row 157 课堂讲解清楚而且示例能够帮助我理解核心概念,5
Fixture row 158 作业设计有帮助但是部分反馈返回得比较晚,3
Fixture row 159 课程节奏总体合适但有些难点需要增加完整例题,3
Fixture row 160 老师答疑认真并且能把理论和实际项目联系起来,5
Fixture row 161 The explanations are clear and the examples help me understand the main concepts,5
Fixture row 162 The course pace is appropriate and the exercises reinforce each lesson,4
Fixture row 163 Some sections move too quickly and need one more worked example,3
Fixture row 164 The assignments are useful but the feedback sometimes arrives too late,3
Fixture row 165 The teacher answers questions carefully and connects theory with practice,5
Fixture row 166 The project instructions are clear although the final milestone is demanding,4
Fixture row 167 课堂讲解清楚而且示例能够帮助我理解核心概念,5
Fixture row 168 作业设计有帮助但是部分反馈返回得比较晚,3
Fixture row 169 课程节奏总体合适但有些难点需要增加完整例题,3
Fixture row 170 老师答疑认真并且能把理论和实际项目联系起来,5
Fixture row 171 The explanations are clear and the examples help me understand the main concepts,5
Fixture row 172 The course pace is appropriate and the exercises reinforce each lesson,4
Fixture row 173 Some sections move too quickly and need one more worked example,3
Fixture row 174 The assignments are useful but the feedback sometimes arrives too late,3
Fixture row 175 The teacher answers questions carefully and connects theory with practice,5
Fixture row 176 The project instructions are clear although the final milestone is demanding,4
Fixture row 177 课堂讲解清楚而且示例能够帮助我理解核心概念,5
Fixture row 178 作业设计有帮助但是部分反馈返回得比较晚,3
Fixture row 179 课程节奏总体合适但有些难点需要增加完整例题,3
Fixture row 180 老师答疑认真并且能把理论和实际项目联系起来,5
Fixture row 181 The explanations are clear and the examples help me understand the main concepts,5
Fixture row 182 The course pace is appropriate and the exercises reinforce each lesson,4
Fixture row 183 Some sections move too quickly and need one more worked example,3
Fixture row 184 The assignments are useful but the feedback sometimes arrives too late,3
Fixture row 185 The teacher answers questions carefully and connects theory with practice,5
Fixture row 186 The project instructions are clear although the final milestone is demanding,4
Fixture row 187 课堂讲解清楚而且示例能够帮助我理解核心概念,5
Fixture row 188 作业设计有帮助但是部分反馈返回得比较晚,3
Fixture row 189 课程节奏总体合适但有些难点需要增加完整例题,3
Fixture row 190 老师答疑认真并且能把理论和实际项目联系起来,5
Fixture row 191 The explanations are clear and the examples help me understand the main concepts,5
Fixture row 192 The course pace is appropriate and the exercises reinforce each lesson,4
Fixture row 193 Some sections move too quickly and need one more worked example,3
Fixture row 194 The assignments are useful but the feedback sometimes arrives too late,3
Fixture row 195 The teacher answers questions carefully and connects theory with practice,5
Fixture row 196 The project instructions are clear although the final milestone is demanding,4
Fixture row 197 课堂讲解清楚而且示例能够帮助我理解核心概念,5
Fixture row 198 作业设计有帮助但是部分反馈返回得比较晚,3
Fixture row 199 课程节奏总体合适但有些难点需要增加完整例题,3
Fixture row 200 老师答疑认真并且能把理论和实际项目联系起来,5
